{"IcoMoonType":"selection","icons":[{"icon":{"paths":["M384 928c0 53.019-42.981 96-96 96s-96-42.981-96-96c0-53.019 42.981-96 96-96s96 42.981 96 96z","M1024 928c0 53.019-42.981 96-96 96s-96-42.981-96-96c0-53.019 42.981-96 96-96s96 42.981 96 96z","M1024 512v-384h-768c0-35.346-28.654-64-64-64h-192v64h128l48.074 412.054c-29.294 23.458-48.074 59.5-48.074 99.946 0 70.696 57.308 128 128 128h768v-64h-768c-35.346 0-64-28.654-64-64 0-0.218 0.014-0.436 0.016-0.656l831.984-127.344z"],"tags":["cart","purchase","ecommerce","shopping"],"defaultCode":59706,"grid":16,"attrs":[]},"attrs":[],"properties":{"ligatures":"cart, purchase","name":"cart","order":5,"id":59,"prevSize":32,"code":59706},"setIdx":0,"setId":1,"iconIdx":58},{"icon":{"paths":["M755.188 64c-107.63 0-200.258 87.554-243.164 179-42.938-91.444-135.578-179-243.216-179-148.382 0-268.808 120.44-268.808 268.832 0 301.846 304.5 380.994 512.022 679.418 196.154-296.576 511.978-387.206 511.978-679.418 0-148.392-120.43-268.832-268.812-268.832z"],"tags":["heart","like","love","favorite"],"defaultCode":59866,"grid":16,"attrs":[]},"attrs":[],"properties":{"ligatures":"heart, like","name":"heart","order":4,"id":219,"prevSize":32,"code":59866},"setIdx":0,"setId":1,"iconIdx":218}],"height":1024,"metadata":{"name":"icomoon"},"preferences":{"showGlyphs":true,"showQuickUse":true,"showQuickUse2":true,"showSVGs":true,"fontPref":{"prefix":"icon-","metadata":{"fontFamily":"icomoon"},"metrics":{"emSize":1024,"baseline":6.25,"whitespace":50},"embed":false},"imagePref":{"prefix":"icon-","png":true,"useClassSelector":true,"color":0,"bgColor":16777215,"classSelector":".icon","name":"icomoon"},"historySize":50,"showCodes":true,"gridSize":16}}